"00100124","MELDRUM","Colin","01-AUG-1975",""
"00100125","FOSTER","Jason","29-MAY-1969",""
"00100126","CARTER","Ethel","03-MAR-1921",""
"00100127","CLARK","Ethel","03-MAR-1921",""
"00100128","COLLINS","Frances","04-JAN-1982",""
"00100129","DOBBS","Gertrude","05-MAR-1916",""
"00100130","EVANS","Harold","04-MAY-1945",""
"00100131","EWING","Helen","09-OCT-1961",""
"00100132","EASTON","Irene","06-JUN-1952",""
"00100133","EDGAR","John","15-NOV-1942",""
"00100134","FIELD","Juliet","26-OCT-1967",""
"00100135","FORD","Kay","27-SEP-1963",""
"00100136","PICKUP","Sharon","01-MAY-1968",""
"00100137","HUGHES","Harry","12-DEC-1912",""
"00100138","HERRICK","Joanne","06-AUG-1966",""
"00100139","FRIAR","Kenneth","18-AUG-1939",""
"00100140","GRAY","Gary","12-SEP-1965",""
"00100141","GREY","Louise","14-FEB-1933",""
"00100142","GARRATT","Lenny","24-NOV-1989",""
"00100143","HARDY","Martin","21-NOV-1969",""
"00100144","HOUSE","Mary","14-FEB-1987",""
"00100145","JONES","Natalie","12-FEB-1971",""
"00100146","JOHN","Neil","26-SEP-1952",""
"00100147","LINE","Peter","15-OCT-1962",""
"00100148","LAMBERT","Quentin","14-JUN-1959",""
"00100149","MILLS","Rosemary","14-FEB-1955",""
"00100150","MILTON","Robert","26-NOV-1950",""
"00100151","MOORE","Rachel","18-JAN-1982",""
"00100152","NORMAN","Steven","15-JUN-1967",""
"00100153","NEWARK","Sebastian","04-AUG-1976",""
"00100154","PETERS","Tracey","13-MAY-1964",""
"00100155","PARSONS","Terence","31-DEC-1954",""
"00100156","PIPER","Una","14-JAN-1967",""
"00100157","WEBBER","Andrew","16-OCT-1942",""
"00100158","WISE","Barbara","26-NOV-1964",""
"00100159","YOUNG","Clara","09-OCT-1933",""
"00100160","YATES","Daniel","15-JUN-1923",""
"00100161","WADE","Zoe","15-SEP-1973",""
"00100162","WARD","Angela","15-OCT-1968",""
"00100163","DENT","Zackary","10-FEB-1965",""
"00100164","EADE","Brian","14-JUL-1952",""
"00100165","FINN","Craig","17-MAY-1973",""
"00100166","GATES","Dennis","10-MAY-1969",""
"00100167","CURRIE","Alison","29-MAY-1965",""
"00100168","HERRICK","Joanne","12-DEC-1976",""
"00100169","DANGEROUS","Johnny","16-FEB-1973",""
"00100170","FERGUSON","Alex","01-JAN-1966",""
"00100171","CANTONA","Eric","01-JAN-1966",""
"00100172","UNSWORTH","David","01-JAN-1966",""
"00100173","ICP","Testlady","24-AUG-1961",""
"00100174","MEASLES","Careplan","24-AUG-1961",""
"00100175","BALLARD-JONES","Betty","11-JAN-1922",""
"00100176","COLQUHOUN","Gus","10-OCT-1958",""
"00100177","BALLARD-JONES","Ben","22-FEB-22",""
"00100178","HIML1039TEST","Nurse","11-JAN-44",""
"00100179","MEASLES","Icp","24-AUG-31",""
"00100180","GONZALEZ","Zuknoactes","22-FEB-66","1000000001"
"00100181","ZUK","Brisbane","16-JAN-57",""
"00100182","TEST","Hh","23-FEB-00",""
"00100183","TESTICP-CHARACTERS","Nurse","11-NOV-33",""
"00100184","GONZALEZ","Totadtzuk","23-FEB-77","1000000001"
"00100185","GONZALEZ","Fintestzuk","23-FEB-66","1000000001"
"00100186","ICPTEST-CHAR2","Nurse","11-JAN-33",""
"00100187","SMITH","Ann","11-JAN-1933",""
"00100188","RUMJON","Cathy","18-AUG-1956",""
"00100189","ZUK","Brissy","16-JAN-1957",""
"00100190","INKSPOT","John","05-FEB-1912",""
"00100191","INKSPOT","Wendy","07-JUN-1918",""
"00100000","SLY","Robert","29-JUN-1948",""
"00100001","G","Susan","13-NOV-1999",""
"00100002","TRACK1176","Test","29-JUN-1968",""
"00100003","HUGHES","Bob","01-JAN-1961",""
"00100004","BOUGHEY","Mary","01-MAR-1946","9400720408"
"00100005","COPLESTONE","William","19-APR-1947",""
"00100006","ARCHER","Jeffrey","01-JAN-1940",""
"00100007","BOUGHEY","Gillian","01-JUN-1907",""
"00100008","COPLESTONE","Ermintrude","20-MAY-1955","6015648899"
"00100009","PAULS","Patient","01-DEC-1959",""
"00100010","NTEST","Tamara","11-FEB-1930",""
"00100011","FISH","Bonnie","14-JUN-1960",""
"00100012","MUM1","Track1180","01-DEC-1965",""
"00100013","MUM1","T1180","01-DEC-1965",""
"00100014","MUM2","T1180","01-DEC-1977",""
"00100015","MUM1","Babyboy","01-DEC-1999",""
"00100016","NOMATES","Billy","14-NOV-1969",""
"00100017","NTEST","Nadja","22-MAR-1966",""
